{"gameData":{"progress":0,"maxScore":0.0,"bkMusic":0.1273050308227539,"soundMusic":0.8549615740776062}}